Workbook

Sheet RECEBIMENTO
B3: ID | C3: DATA DE ENTREGA | D3: FORNECEDOR | E3: MATÉRIA-PRIMA | F3: QTD (m²) | G3: VALOR UND | H3: VALOR TOTAL
B4: =IF(C4<>"","REC-"&TEXT(COUNTA($C$4:C4),"000"),"") -> REC-001 | C4: 46246 | D4: Couro Norte | E4: Couro sintético | F4: 60 | G4: 13 | H4: =PRODUCT(F4,G4) -> 780
B5: =IF(C5<>"","REC-"&TEXT(COUNTA($C$4:C5),"000"),"") -> REC-002 | C5: 46307 | D5: Tecidos duRei | E5: Malha laminada | F5: 100 | G5: 12 | H5: =PRODUCT(F5,G5) -> 1200
B6: =IF(C6<>"","REC-"&TEXT(COUNTA($C$4:C6),"000"),"") -> REC-003 | C6: 45710 | D6: Couro Sul Ltda | E6: Couro legítimo | F6: 90 | G6: 16 | H6: =PRODUCT(F6,G6) -> 1440
B7: =IF(C7<>"","REC-"&TEXT(COUNTA($C$4:C7),"000"),"") -> REC-004 | C7: 45712 | D7: Aviamentos MG | E7: Cadarço | F7: 500 | G7: 65 | H7: =PRODUCT(F7,G7) -> 32500
B8: =IF(C8<>"","REC-"&TEXT(COUNTA($C$4:C8),"000"),"") -> REC-005 | C8: 45714 | D8: Solados Brasil | E8: Sola de borracha | F8: 220 | G8: 56 | H8: =PRODUCT(F8,G8) -> 12320
B9: =IF(C9<>"","REC-"&TEXT(COUNTA($C$4:C9),"000"),"") -> REC-006 | C9: 45717 | D9: Couro Sul Ltda | E9: Couro sintético | F9: 180 | G9: 43 | H9: =PRODUCT(F9,G9) -> 7740
B10: =IF(C10<>"","REC-"&TEXT(COUNTA($C$4:C10),"000"),"") -> REC-007 | C10: 46246 | D10: Couro Norte | E10: Couro legítimo | F10: 233 | G10: 34 | H10: =PRODUCT(F10,G10) -> 7922
B11: =IF(C11<>"","REC-"&TEXT(COUNTA($C$4:C11),"000"),"") -> REC-008 | C11: 46307 | D11: Tecidos duRei | E11: Cadarço | F11: 200 | G11: 32 | H11: =PRODUCT(F11,G11) -> 6400
B12: =IF(C12<>"","REC-"&TEXT(COUNTA($C$4:C12),"000"),"") -> REC-009 | C12: 45710 | D12: Couro Sul Ltda | E12: Sola de borracha | F12: 345 | G12: 56 | H12: =PRODUCT(F12,G12) -> 19320
B13: =IF(C13<>"","REC-"&TEXT(COUNTA($C$4:C13),"000"),"") -> REC-010 | C13: 45712 | D13: Aviamentos MG | E13: Couro sintético | F13: 334 | G13: 24 | H13: =PRODUCT(F13,G13) -> 8016
B14: =IF(C14<>"","REC-"&TEXT(COUNTA($C$4:C14),"000"),"") -> REC-011 | C14: 45714 | D14: Solados Brasil | E14: Couro sintético | F14: 76 | G14: 56 | H14: =PRODUCT(F14,G14) -> 4256
B15: =IF(C15<>"","REC-"&TEXT(COUNTA($C$4:C15),"000"),"") -> REC-012 | C15: 45717 | D15: Couro Sul Ltda | E15: Malha laminada | F15: 432 | G15: 43 | H15: =PRODUCT(F15,G15) -> 18576

Sheet PCP
B3: ID | C3: Data Planejada | D3: ID Recebimento | E3: Fornecedor | F3: Materia-Prima | G3: Produto | H3: Qtd (pares) | I3: Setor Responsável | J3: Status
B4: =+IF(C4<>"","OP-"&TEXT(COUNTA($C$4:C4),"000"),"") -> OP-001 | C4: 46278 | D4: REC-001 | E4: =IF(D4="","",IFERROR(VLOOKUP($D4,RECEBIMENTO!$B:$E,3,FALSE),"ID não encontrado")) -> Couro Norte | F4: =IF(D4="","",IFERROR(VLOOKUP($D4,RECEBIMENTO!$B:$E,4,FALSE),"ID não encontrado")) -> Couro sintético | G4: Puma RS-X | H4: 543 | I4: Corte | J4: Em andamento
B5: =+IF(C5<>"","OP-"&TEXT(COUNTA($C$4:C5),"000"),"") -> OP-002 | C5: 46279 | D5: REC-002 | E5: =IF(D5="","",IFERROR(VLOOKUP($D5,RECEBIMENTO!$B:$E,3,FALSE),"ID não encontrado")) -> Tecidos duRei | F5: =IF(D5="","",IFERROR(VLOOKUP($D5,RECEBIMENTO!$B:$E,4,FALSE),"ID não encontrado")) -> Malha laminada | G5: Puma 180 | H5: 654 | I5: Corte | J5: Concluído
B6: =+IF(C6<>"","OP-"&TEXT(COUNTA($C$4:C6),"000"),"") -> OP-003 | C6: 46280 | D6: REC-003 | E6: =IF(D6="","",IFERROR(VLOOKUP($D6,RECEBIMENTO!$B:$E,3,FALSE),"ID não encontrado")) -> Couro Sul Ltda | F6: =IF(D6="","",IFERROR(VLOOKUP($D6,RECEBIMENTO!$B:$E,4,FALSE),"ID não encontrado")) -> Couro legítimo | G6: Puma X-Ray 2 | H6: 433 | I6: Corte | J6: Concluído
B7: =+IF(C7<>"","OP-"&TEXT(COUNTA($C$4:C7),"000"),"") -> OP-004 | C7: 46281 | D7: REC-004 | E7: =IF(D7="","",IFERROR(VLOOKUP($D7,RECEBIMENTO!$B:$E,3,FALSE),"ID não encontrado")) -> Aviamentos MG | F7: =IF(D7="","",IFERROR(VLOOKUP($D7,RECEBIMENTO!$B:$E,4,FALSE),"ID não encontrado")) -> Cadarço | G7: Puma ST Runner | H7: 534 | I7: Costura | J7: Concluído
B8: =+IF(C8<>"","OP-"&TEXT(COUNTA($C$4:C8),"000"),"") -> OP-005 | C8: 46282 | D8: REC-005 | E8: =IF(D8="","",IFERROR(VLOOKUP($D8,RECEBIMENTO!$B:$E,3,FALSE),"ID não encontrado")) -> Solados Brasil | F8: =IF(D8="","",IFERROR(VLOOKUP($D8,RECEBIMENTO!$B:$E,4,FALSE),"ID não encontrado")) -> Sola de borracha | G8: Puma Suede XL | H8: 756 | I8: Costura | J8: Em andamento
B9: =+IF(C9<>"","OP-"&TEXT(COUNTA($C$4:C9),"000"),"") -> OP-006 | C9: 46283 | D9: REC-006 | E9: =IF(D9="","",IFERROR(VLOOKUP($D9,RECEBIMENTO!$B:$E,3,FALSE),"ID não encontrado")) -> Couro Sul Ltda | F9: =IF(D9="","",IFERROR(VLOOKUP($D9,RECEBIMENTO!$B:$E,4,FALSE),"ID não encontrado")) -> Couro sintético | G9: Puma MagMax Nitro | H9: 435 | I9: Corte | J9: Concluído
B10: =+IF(C10<>"","OP-"&TEXT(COUNTA($C$4:C10),"000"),"") -> OP-007 | C10: 46284 | D10: REC-007 | E10: =IF(D10="","",IFERROR(VLOOKUP($D10,RECEBIMENTO!$B:$E,3,FALSE),"ID não encontrado")) -> Couro Norte | F10: =IF(D10="","",IFERROR(VLOOKUP($D10,RECEBIMENTO!$B:$E,4,FALSE),"ID não encontrado")) -> Couro legítimo | G10: Puma RS-X | H10: 675 | I10: Montagem | J10: Em andamento
B11: =+IF(C11<>"","OP-"&TEXT(COUNTA($C$4:C11),"000"),"") -> OP-008 | C11: 46285 | D11: REC-008 | E11: =IF(D11="","",IFERROR(VLOOKUP($D11,RECEBIMENTO!$B:$E,3,FALSE),"ID não encontrado")) -> Tecidos duRei | F11: =IF(D11="","",IFERROR(VLOOKUP($D11,RECEBIMENTO!$B:$E,4,FALSE),"ID não encontrado")) -> Cadarço | G11: Puma 180 | H11: 654 | I11: Costura | J11: Concluído
B12: =+IF(C12<>"","OP-"&TEXT(COUNTA($C$4:C12),"000"),"") -> OP-009 | C12: 46286 | D12: REC-009 | E12: =IF(D12="","",IFERROR(VLOOKUP($D12,RECEBIMENTO!$B:$E,3,FALSE),"ID não encontrado")) -> Couro Sul Ltda | F12: =IF(D12="","",IFERROR(VLOOKUP($D12,RECEBIMENTO!$B:$E,4,FALSE),"ID não encontrado")) -> Sola de borracha | G12: Puma X-Ray 2 | H12: 433 | I12: Montagem | J12: Em andamento
B13: =+IF(C13<>"","OP-"&TEXT(COUNTA($C$4:C13),"000"),"") -> OP-010 | C13: 46287 | D13: REC-010 | E13: =IF(D13="","",IFERROR(VLOOKUP($D13,RECEBIMENTO!$B:$E,3,FALSE),"ID não encontrado")) -> Aviamentos MG | F13: =IF(D13="","",IFERROR(VLOOKUP($D13,RECEBIMENTO!$B:$E,4,FALSE),"ID não encontrado")) -> Couro sintético | G13: Puma RS-X | H13: 644 | I13: Costura | J13: Em andamento
B14: =+IF(C14<>"","OP-"&TEXT(COUNTA($C$4:C14),"000"),"") -> OP-011 | C14: 46288 | D14: REC-011 | E14: =IF(D14="","",IFERROR(VLOOKUP($D14,RECEBIMENTO!$B:$E,3,FALSE),"ID não encontrado")) -> Solados Brasil | F14: =IF(D14="","",IFERROR(VLOOKUP($D14,RECEBIMENTO!$B:$E,4,FALSE),"ID não encontrado")) -> Couro sintético | G14: Puma 180 | H14: 765 | I14: Montagem | J14: Concluído
B15: =+IF(C15<>"","OP-"&TEXT(COUNTA($C$4:C15),"000"),"") -> OP-012 | C15: 46289 | D15: REC-012 | E15: =IF(D15="","",IFERROR(VLOOKUP($D15,RECEBIMENTO!$B:$E,3,FALSE),"ID não encontrado")) -> Couro Sul Ltda | F15: =IF(D15="","",IFERROR(VLOOKUP($D15,RECEBIMENTO!$B:$E,4,FALSE),"ID não encontrado")) -> Malha laminada | G15: Puma X-Ray 2 | H15: 545 | I15: Costura | J15: Concluído

Sheet PRODUÇÃO
B3: Setor | C3: Qtd Total (pares) | D3: Ordens em Andamento | E3: Ordens Concluídas
B4: Corte | C4: =SUMIF(PCP!$I:$I,B4,PCP!$H:$H) -> 2065 | D4: =COUNTIFS(PCP!$I:$I,B4,PCP!$J:$J,"Em andamento") -> 1 | E4: =COUNTIFS(PCP!$I:$I,B4,PCP!$J:$J,"Concluído") -> 3
B5: Costura | C5: =SUMIF(PCP!$I:$I,B5,PCP!$H:$H) -> 3133 | D5: =COUNTIFS(PCP!$I:$I,B5,PCP!$J:$J,"Em andamento") -> 2 | E5: =COUNTIFS(PCP!$I:$I,B5,PCP!$J:$J,"Concluído") -> 3
B6: Montagem | C6: =SUMIF(PCP!$I:$I,B6,PCP!$H:$H) -> 1873 | D6: =COUNTIFS(PCP!$I:$I,B6,PCP!$J:$J,"Em andamento") -> 2 | E6: =COUNTIFS(PCP!$I:$I,B6,PCP!$J:$J,"Concluído") -> 1

Sheet COMERCIAL
B3: ID do Pedido | C3: Cliente | D3: ID Ordem | E3: Produto | F3: Prazo de Entrega | G3: Status de Entrega
B4: =IF( C4<>"", "PED-"&TEXT(COUNTA($C$4:C4),"000"), "" ) -> PED-001 | C4: Azteca Calçaodos | D4: OP-001 | E4: =IF(D4="","",IFERROR(VLOOKUP($D4,PCP!$B:$G,6,FALSE),"OP não encontrada")) -> Puma RS-X | F4: 46318 | G4: =IF(E4="","",IF(TODAY()>F4,"Atrasado","No prazo")) -> No prazo
B5: =IF( C5<>"", "PED-"&TEXT(COUNTA($C$4:C5),"000"), "" ) -> PED-002 | C5: Azteca Calçaodos | D5: OP-002 | E5: =IF(D5="","",IFERROR(VLOOKUP($D5,PCP!$B:$G,6,FALSE),"OP não encontrada")) -> Puma 180 | F5: 46319 | G5: =IF(E5="","",IF(TODAY()>F5,"Atrasado","No prazo")) -> No prazo
B6: =IF( C6<>"", "PED-"&TEXT(COUNTA($C$4:C6),"000"), "" ) -> PED-003 | C6: I9 Calçados | D6: OP-003 | E6: =IF(D6="","",IFERROR(VLOOKUP($D6,PCP!$B:$G,6,FALSE),"OP não encontrada")) -> Puma X-Ray 2 | F6: 46198 | G6: =IF(E6="","",IF(TODAY()>F6,"Atrasado","No prazo")) -> Atrasado
B7: =IF( C7<>"", "PED-"&TEXT(COUNTA($C$4:C7),"000"), "" ) -> PED-004 | C7: I9 Calçados | D7: OP-004 | E7: =IF(D7="","",IFERROR(VLOOKUP($D7,PCP!$B:$G,6,FALSE),"OP não encontrada")) -> Puma ST Runner | F7: 46260 | G7: =IF(E7="","",IF(TODAY()>F7,"Atrasado","No prazo")) -> No prazo
B8: =IF( C8<>"", "PED-"&TEXT(COUNTA($C$4:C8),"000"), "" ) -> PED-005 | C8: I9 Calçados | D8: OP-005 | E8: =IF(D8="","",IFERROR(VLOOKUP($D8,PCP!$B:$G,6,FALSE),"OP não encontrada")) -> Puma Suede XL | F8: 46169 | G8: =IF(E8="","",IF(TODAY()>F8,"Atrasado","No prazo")) -> Atrasado
B9: =IF( C9<>"", "PED-"&TEXT(COUNTA($C$4:C9),"000"), "" ) -> PED-006 | C9: Kauã Calçados | D9: OP-006 | E9: =IF(D9="","",IFERROR(VLOOKUP($D9,PCP!$B:$G,6,FALSE),"OP não encontrada")) -> Puma MagMax Nitro | F9: 46323 | G9: =IF(E9="","",IF(TODAY()>F9,"Atrasado","No prazo")) -> No prazo
B10: =IF( C10<>"", "PED-"&TEXT(COUNTA($C$4:C10),"000"), "" ) -> PED-007 | C10: Kauã Calçados | D10: OP-007 | E10: =IF(D10="","",IFERROR(VLOOKUP($D10,PCP!$B:$G,6,FALSE),"OP não encontrada")) -> Puma RS-X | F10: 46232 | G10: =IF(E10="","",IF(TODAY()>F10,"Atrasado","No prazo")) -> No prazo
B11: =IF( C11<>"", "PED-"&TEXT(COUNTA($C$4:C11),"000"), "" ) -> PED-008 | C11: Kauã Calçados | D11: OP-008 | E11: =IF(D11="","",IFERROR(VLOOKUP($D11,PCP!$B:$G,6,FALSE),"OP não encontrada")) -> Puma 180 | F11: 46325 | G11: =IF(E11="","",IF(TODAY()>F11,"Atrasado","No prazo")) -> No prazo
B12: =IF( C12<>"", "PED-"&TEXT(COUNTA($C$4:C12),"000"), "" ) -> PED-009 | C12: Econis | D12: OP-009 | E12: =IF(D12="","",IFERROR(VLOOKUP($D12,PCP!$B:$G,6,FALSE),"OP não encontrada")) -> Puma X-Ray 2 | F12: 46203 | G12: =IF(E12="","",IF(TODAY()>F12,"Atrasado","No prazo")) -> Atrasado
B13: =IF( C13<>"", "PED-"&TEXT(COUNTA($C$4:C13),"000"), "" ) -> PED-010 | C13: Econis | D13: OP-010 | E13: =IF(D13="","",IFERROR(VLOOKUP($D13,PCP!$B:$G,6,FALSE),"OP não encontrada")) -> Puma RS-X | F13: 46327 | G13: =IF(E13="","",IF(TODAY()>F13,"Atrasado","No prazo")) -> No prazo
B14: =IF( C14<>"", "PED-"&TEXT(COUNTA($C$4:C14),"000"), "" ) -> PED-011 | C14: Econis | D14: OP-011 | E14: =IF(D14="","",IFERROR(VLOOKUP($D14,PCP!$B:$G,6,FALSE),"OP não encontrada")) -> Puma 180 | F14: 46205 | G14: =IF(E14="","",IF(TODAY()>F14,"Atrasado","No prazo")) -> Atrasado
B15: =IF( C15<>"", "PED-"&TEXT(COUNTA($C$4:C15),"000"), "" ) -> PED-012 | C15: San Diego | D15: OP-012 | E15: =IF(D15="","",IFERROR(VLOOKUP($D15,PCP!$B:$G,6,FALSE),"OP não encontrada")) -> Puma X-Ray 2 | F15: 46206 | G15: =IF(E15="","",IF(TODAY()>F15,"Atrasado","No prazo")) -> Atrasado
